{
    "da": [],
    "db": [],
    "err": [],
    "kv": {
        "decoder.conv_in.bias": 0.32538774609565735,
        "decoder.conv_in.weight": 0.7124742269515991,
        "decoder.conv_out.bias": 0.003501707687973976,
        "decoder.conv_out.weight": 0.08583256602287292,
        "decoder.mid.attn_1.k.bias": 1.381775140762329,
        "decoder.mid.attn_1.k.weight": 3.542832136154175,
        "decoder.mid.attn_1.norm.bias": 0.21870046854019165,
        "decoder.mid.attn_1.norm.weight": 0.32657456398010254,
        "decoder.mid.attn_1.proj_out.bias": 0.16497693955898285,
        "decoder.mid.attn_1.proj_out.weight": 3.82074236869812,
        "decoder.mid.attn_1.q.bias": 0.13892947137355804,
        "decoder.mid.attn_1.q.weight": 3.6300454139709473,
        "decoder.mid.attn_1.v.bias": 0.0756746232509613,
        "decoder.mid.attn_1.v.weight": 2.5987532138824463,
        "decoder.mid.block_1.conv1.bias": 0.10892022401094437,
        "decoder.mid.block_1.conv1.weight": 14.359664916992188,
        "decoder.mid.block_1.conv2.bias": 0.17996709048748016,
        "decoder.mid.block_1.conv2.weight": 14.876314163208008,
        "decoder.mid.block_1.norm1.bias": 0.4010315239429474,
        "decoder.mid.block_1.norm1.weight": 0.47727441787719727,
        "decoder.mid.block_1.norm2.bias": 0.15986855328083038,
        "decoder.mid.block_1.norm2.weight": 0.22890573740005493,
        "decoder.mid.block_2.conv1.bias": 0.06481880694627762,
        "decoder.mid.block_2.conv1.weight": 16.23323631286621,
        "decoder.mid.block_2.conv2.bias": 0.14559322595596313,
        "decoder.mid.block_2.conv2.weight": 16.009553909301758,
        "decoder.mid.block_2.norm1.bias": 0.3221915662288666,
        "decoder.mid.block_2.norm1.weight": 0.3261983394622803,
        "decoder.mid.block_2.norm2.bias": 0.15770511329174042,
        "decoder.mid.block_2.norm2.weight": 0.2900385856628418,
        "decoder.norm_out.bias": 0.11510691046714783,
        "decoder.norm_out.weight": 0.20861302316188812,
        "decoder.up.0.block.0.conv1.bias": 0.04474402219057083,
        "decoder.up.0.block.0.conv1.weight": 5.362223148345947,
        "decoder.up.0.block.0.conv2.bias": 0.052970968186855316,
        "decoder.up.0.block.0.conv2.weight": 4.170804500579834,
        "decoder.up.0.block.0.nin_shortcut.bias": 0.05297131463885307,
        "decoder.up.0.block.0.nin_shortcut.weight": 0.7289369106292725,
        "decoder.up.0.block.0.norm1.bias": 0.23365136981010437,
        "decoder.up.0.block.0.norm1.weight": 0.16856439411640167,
        "decoder.up.0.block.0.norm2.bias": 0.12013786286115646,
        "decoder.up.0.block.0.norm2.weight": 0.23572415113449097,
        "decoder.up.0.block.1.conv1.bias": 0.06286133080720901,
        "decoder.up.0.block.1.conv1.weight": 3.1239664554595947,
        "decoder.up.0.block.1.conv2.bias": 0.0484624058008194,
        "decoder.up.0.block.1.conv2.weight": 3.9773690700531006,
        "decoder.up.0.block.1.norm1.bias": 0.0965486466884613,
        "decoder.up.0.block.1.norm1.weight": 0.12855938076972961,
        "decoder.up.0.block.1.norm2.bias": 0.08840520679950714,
        "decoder.up.0.block.1.norm2.weight": 0.31895023584365845,
        "decoder.up.0.block.2.conv1.bias": 0.03816879540681839,
        "decoder.up.0.block.2.conv1.weight": 2.9541587829589844,
        "decoder.up.0.block.2.conv2.bias": 0.04159320890903473,
        "decoder.up.0.block.2.conv2.weight": 3.8379480838775635,
        "decoder.up.0.block.2.norm1.bias": 0.06162548437714577,
        "decoder.up.0.block.2.norm1.weight": 0.11051377654075623,
        "decoder.up.0.block.2.norm2.bias": 0.11635033041238785,
        "decoder.up.0.block.2.norm2.weight": 0.2549838721752167,
        "decoder.up.1.block.0.conv1.bias": 0.07924044132232666,
        "decoder.up.1.block.0.conv1.weight": 13.371259689331055,
        "decoder.up.1.block.0.conv2.bias": 0.07230353355407715,
        "decoder.up.1.block.0.conv2.weight": 9.609888076782227,
        "decoder.up.1.block.0.nin_shortcut.bias": 0.07230342924594879,
        "decoder.up.1.block.0.nin_shortcut.weight": 1.9968583583831787,
        "decoder.up.1.block.0.norm1.bias": 0.4490754306316376,
        "decoder.up.1.block.0.norm1.weight": 0.2419581264257431,
        "decoder.up.1.block.0.norm2.bias": 0.29955002665519714,
        "decoder.up.1.block.0.norm2.weight": 0.3652392029762268,
        "decoder.up.1.block.1.conv1.bias": 0.08145041018724442,
        "decoder.up.1.block.1.conv1.weight": 8.846437454223633,
        "decoder.up.1.block.1.conv2.bias": 0.06650416553020477,
        "decoder.up.1.block.1.conv2.weight": 9.972874641418457,
        "decoder.up.1.block.1.norm1.bias": 0.31076595187187195,
        "decoder.up.1.block.1.norm1.weight": 0.25648000836372375,
        "decoder.up.1.block.1.norm2.bias": 0.23730681836605072,
        "decoder.up.1.block.1.norm2.weight": 0.4204927086830139,
        "decoder.up.1.block.2.conv1.bias": 0.056925076991319656,
        "decoder.up.1.block.2.conv1.weight": 9.200799942016602,
        "decoder.up.1.block.2.conv2.bias": 0.06149276718497276,
        "decoder.up.1.block.2.conv2.weight": 9.700928688049316,
        "decoder.up.1.block.2.norm1.bias": 0.24063760042190552,
        "decoder.up.1.block.2.norm1.weight": 0.24961377680301666,
        "decoder.up.1.block.2.norm2.bias": 0.2392255663871765,
        "decoder.up.1.block.2.norm2.weight": 0.3649480640888214,
        "decoder.up.1.upsample.conv.bias": 0.0960187166929245,
        "decoder.up.1.upsample.conv.weight": 7.350748538970947,
        "decoder.up.2.block.0.conv1.bias": 0.09615155309438705,
        "decoder.up.2.block.0.conv1.weight": 16.87714385986328,
        "decoder.up.2.block.0.conv2.bias": 0.11141536384820938,
        "decoder.up.2.block.0.conv2.weight": 18.70918083190918,
        "decoder.up.2.block.0.norm1.bias": 0.3640657365322113,
        "decoder.up.2.block.0.norm1.weight": 0.31261181831359863,
        "decoder.up.2.block.0.norm2.bias": 0.2579553723335266,
        "decoder.up.2.block.0.norm2.weight": 0.35689622163772583,
        "decoder.up.2.block.1.conv1.bias": 0.09056161344051361,
        "decoder.up.2.block.1.conv1.weight": 18.85793113708496,
        "decoder.up.2.block.1.conv2.bias": 0.10324523597955704,
        "decoder.up.2.block.1.conv2.weight": 20.362733840942383,
        "decoder.up.2.block.1.norm1.bias": 0.37532883882522583,
        "decoder.up.2.block.1.norm1.weight": 0.34215325117111206,
        "decoder.up.2.block.1.norm2.bias": 0.29201218485832214,
        "decoder.up.2.block.1.norm2.weight": 0.4370507299900055,
        "decoder.up.2.block.2.conv1.bias": 0.07525283843278885,
        "decoder.up.2.block.2.conv1.weight": 19.4853515625,
        "decoder.up.2.block.2.conv2.bias": 0.10929431021213531,
        "decoder.up.2.block.2.conv2.weight": 19.31378173828125,
        "decoder.up.2.block.2.norm1.bias": 0.32140398025512695,
        "decoder.up.2.block.2.norm1.weight": 0.27806711196899414,
        "decoder.up.2.block.2.norm2.bias": 0.30634915828704834,
        "decoder.up.2.block.2.norm2.weight": 0.3136950731277466,
        "decoder.up.2.upsample.conv.bias": 0.14640377461910248,
        "decoder.up.2.upsample.conv.weight": 18.040538787841797,
        "decoder.up.3.block.0.conv1.bias": 0.062178514897823334,
        "decoder.up.3.block.0.conv1.weight": 15.858716011047363,
        "decoder.up.3.block.0.conv2.bias": 0.12806697189807892,
        "decoder.up.3.block.0.conv2.weight": 17.04714012145996,
        "decoder.up.3.block.0.norm1.bias": 0.33129772543907166,
        "decoder.up.3.block.0.norm1.weight": 0.3247131109237671,
        "decoder.up.3.block.0.norm2.bias": 0.13552427291870117,
        "decoder.up.3.block.0.norm2.weight": 0.33625251054763794,
        "decoder.up.3.block.1.conv1.bias": 0.0710565373301506,
        "decoder.up.3.block.1.conv1.weight": 16.497034072875977,
        "decoder.up.3.block.1.conv2.bias": 0.11719813942909241,
        "decoder.up.3.block.1.conv2.weight": 17.13254737854004,