{
    "da": [],
    "db": [],
    "err": [],
    "kv": {
        "decoder.conv_in.bias": 0.11401522904634476,
        "decoder.conv_in.weight": 0.6125987768173218,
        "decoder.conv_out.bias": 0.012668025679886341,
        "decoder.conv_out.weight": 0.09827318042516708,
        "decoder.mid.attn_1.k.bias": 1.1351256370544434,
        "decoder.mid.attn_1.k.weight": 2.998575448989868,
        "decoder.mid.attn_1.norm.bias": 0.12326014786958694,
        "decoder.mid.attn_1.norm.weight": 0.36446821689605713,
        "decoder.mid.attn_1.proj_out.bias": 0.06438998132944107,
        "decoder.mid.attn_1.proj_out.weight": 3.160736083984375,
        "decoder.mid.attn_1.q.bias": 0.2384892702102661,
        "decoder.mid.attn_1.q.weight": 3.082124948501587,
        "decoder.mid.attn_1.v.bias": 0.05185135453939438,
        "decoder.mid.attn_1.v.weight": 2.173588514328003,
        "decoder.mid.block_1.conv1.bias": 0.10585586726665497,
        "decoder.mid.block_1.conv1.weight": 10.16518497467041,
        "decoder.mid.block_1.conv2.bias": 0.05608685687184334,
        "decoder.mid.block_1.conv2.weight": 10.731010437011719,
        "decoder.mid.block_1.norm1.bias": 0.1871187388896942,
        "decoder.mid.block_1.norm1.weight": 0.26003313064575195,
        "decoder.mid.block_1.norm2.bias": 0.13289526104927063,
        "decoder.mid.block_1.norm2.weight": 0.2500709891319275,
        "decoder.mid.block_2.conv1.bias": 0.06567291170358658,
        "decoder.mid.block_2.conv1.weight": 11.4824857711792,
        "decoder.mid.block_2.conv2.bias": 0.06626573950052261,
        "decoder.mid.block_2.conv2.weight": 11.552226066589355,
        "decoder.mid.block_2.norm1.bias": 0.22452335059642792,
        "decoder.mid.block_2.norm1.weight": 0.28968843817710876,
        "decoder.mid.block_2.norm2.bias": 0.19119445979595184,
        "decoder.mid.block_2.norm2.weight": 0.3422030508518219,
        "decoder.norm_out.bias": 0.1585012823343277,
        "decoder.norm_out.weight": 0.25108209252357483,
        "decoder.up.0.block.0.conv1.bias": 0.053072065114974976,
        "decoder.up.0.block.0.conv1.weight": 4.7863054275512695,
        "decoder.up.0.block.0.conv2.bias": 0.09129578620195389,
        "decoder.up.0.block.0.conv2.weight": 3.9874017238616943,
        "decoder.up.0.block.0.nin_shortcut.bias": 0.091295525431633,
        "decoder.up.0.block.0.nin_shortcut.weight": 0.7331476211547852,
        "decoder.up.0.block.0.norm1.bias": 0.232535719871521,
        "decoder.up.0.block.0.norm1.weight": 0.18054385483264923,
        "decoder.up.0.block.0.norm2.bias": 0.13057449460029602,
        "decoder.up.0.block.0.norm2.weight": 0.2649182081222534,
        "decoder.up.0.block.1.conv1.bias": 0.059758786112070084,
        "decoder.up.0.block.1.conv1.weight": 2.9799904823303223,
        "decoder.up.0.block.1.conv2.bias": 0.08608188480138779,
        "decoder.up.0.block.1.conv2.weight": 3.7510385513305664,
        "decoder.up.0.block.1.norm1.bias": 0.10504093021154404,
        "decoder.up.0.block.1.norm1.weight": 0.1295916587114334,
        "decoder.up.0.block.1.norm2.bias": 0.11545605957508087,
        "decoder.up.0.block.1.norm2.weight": 0.3176593780517578,
        "decoder.up.0.block.2.conv1.bias": 0.05392449349164963,
        "decoder.up.0.block.2.conv1.weight": 2.831085205078125,
        "decoder.up.0.block.2.conv2.bias": 0.07925567775964737,
        "decoder.up.0.block.2.conv2.weight": 3.845738410949707,
        "decoder.up.0.block.2.norm1.bias": 0.07484716176986694,
        "decoder.up.0.block.2.norm1.weight": 0.11240903288125992,
        "decoder.up.0.block.2.norm2.bias": 0.14108379185199738,
        "decoder.up.0.block.2.norm2.weight": 0.2743128836154938,
        "decoder.up.1.block.0.conv1.bias": 0.06729760020971298,
        "decoder.up.1.block.0.conv1.weight": 10.112409591674805,
        "decoder.up.1.block.0.conv2.bias": 0.08205141872167587,
        "decoder.up.1.block.0.conv2.weight": 7.614186763763428,
        "decoder.up.1.block.0.nin_shortcut.bias": 0.08205141127109528,
        "decoder.up.1.block.0.nin_shortcut.weight": 1.8152196407318115,
        "decoder.up.1.block.0.norm1.bias": 0.3938893973827362,
        "decoder.up.1.block.0.norm1.weight": 0.21719621121883392,
        "decoder.up.1.block.0.norm2.bias": 0.2740726172924042,
        "decoder.up.1.block.0.norm2.weight": 0.3825070261955261,
        "decoder.up.1.block.1.conv1.bias": 0.06466375291347504,
        "decoder.up.1.block.1.conv1.weight": 7.153241157531738,
        "decoder.up.1.block.1.conv2.bias": 0.06447766721248627,
        "decoder.up.1.block.1.conv2.weight": 8.058806419372559,
        "decoder.up.1.block.1.norm1.bias": 0.34784960746765137,
        "decoder.up.1.block.1.norm1.weight": 0.2805614769458771,
        "decoder.up.1.block.1.norm2.bias": 0.26359498500823975,
        "decoder.up.1.block.1.norm2.weight": 0.42265138030052185,
        "decoder.up.1.block.2.conv1.bias": 0.04425596445798874,
        "decoder.up.1.block.2.conv1.weight": 7.499820709228516,
        "decoder.up.1.block.2.conv2.bias": 0.07816361635923386,
        "decoder.up.1.block.2.conv2.weight": 7.817015647888184,
        "decoder.up.1.block.2.norm1.bias": 0.26637405157089233,
        "decoder.up.1.block.2.norm1.weight": 0.23698392510414124,
        "decoder.up.1.block.2.norm2.bias": 0.2866608500480652,
        "decoder.up.1.block.2.norm2.weight": 0.3114754855632782,
        "decoder.up.1.upsample.conv.bias": 0.12103622406721115,
        "decoder.up.1.upsample.conv.weight": 6.306257247924805,
        "decoder.up.2.block.0.conv1.bias": 0.06948918849229813,
        "decoder.up.2.block.0.conv1.weight": 12.75190544128418,
        "decoder.up.2.block.0.conv2.bias": 0.09660502523183823,
        "decoder.up.2.block.0.conv2.weight": 14.003702163696289,
        "decoder.up.2.block.0.norm1.bias": 0.34188205003738403,
        "decoder.up.2.block.0.norm1.weight": 0.27804961800575256,
        "decoder.up.2.block.0.norm2.bias": 0.23016853630542755,
        "decoder.up.2.block.0.norm2.weight": 0.34734398126602173,
        "decoder.up.2.block.1.conv1.bias": 0.06985127925872803,
        "decoder.up.2.block.1.conv1.weight": 14.342174530029297,
        "decoder.up.2.block.1.conv2.bias": 0.08229269087314606,
        "decoder.up.2.block.1.conv2.weight": 15.056163787841797,
        "decoder.up.2.block.1.norm1.bias": 0.3598642349243164,
        "decoder.up.2.block.1.norm1.weight": 0.3341258466243744,
        "decoder.up.2.block.1.norm2.bias": 0.3127186596393585,
        "decoder.up.2.block.1.norm2.weight": 0.3565932810306549,
        "decoder.up.2.block.2.conv1.bias": 0.06313242763280869,
        "decoder.up.2.block.2.conv1.weight": 14.544824600219727,
        "decoder.up.2.block.2.conv2.bias": 0.09074357897043228,
        "decoder.up.2.block.2.conv2.weight": 14.106696128845215,
        "decoder.up.2.block.2.norm1.bias": 0.3043568730354309,
        "decoder.up.2.block.2.norm1.weight": 0.30278149247169495,
        "decoder.up.2.block.2.norm2.bias": 0.33893585205078125,
        "decoder.up.2.block.2.norm2.weight": 0.2685706615447998,
        "decoder.up.2.upsample.conv.bias": 0.12273866683244705,
        "decoder.up.2.upsample.conv.weight": 13.717472076416016,
        "decoder.up.3.block.0.conv1.bias": 0.04561956226825714,
        "decoder.up.3.block.0.conv1.weight": 11.344355583190918,
        "decoder.up.3.block.0.conv2.bias": 0.06194162741303444,
        "decoder.up.3.block.0.conv2.weight": 12.304372787475586,
        "decoder.up.3.block.0.norm1.bias": 0.23817378282546997,
        "decoder.up.3.block.0.norm1.weight": 0.286350280046463,
        "decoder.up.3.block.0.norm2.bias": 0.18749801814556122,
        "decoder.up.3.block.0.norm2.weight": 0.4083899259567261,
        "decoder.up.3.block.1.conv1.bias": 0.06297622621059418,
        "decoder.up.3.block.1.conv1.weight": 11.915270805358887,
        "decoder.up.3.block.1.conv2.bias": 0.04817727208137512,
        "decoder.up.3.block.1.conv2.weight": 12.338212966918945,