{
    "da": [],
    "db": [],
    "err": [],
    "kv": {
        "decoder.conv_in.bias": 1.950455665588379,
        "decoder.conv_in.weight": 4.279574871063232,
        "decoder.conv_out.bias": 0.06150684505701065,
        "decoder.conv_out.weight": 1.1457808017730713,
        "decoder.mid.attn_1.k.bias": 79.7108383178711,
        "decoder.mid.attn_1.k.weight": 30.06305503845215,
        "decoder.mid.attn_1.norm.bias": 1.594781756401062,
        "decoder.mid.attn_1.norm.weight": 6.533431529998779,
        "decoder.mid.attn_1.proj_out.bias": 1.2672609090805054,
        "decoder.mid.attn_1.proj_out.weight": 18.73352813720703,
        "decoder.mid.attn_1.q.bias": 2.9946272373199463,
        "decoder.mid.attn_1.q.weight": 30.796180725097656,
        "decoder.mid.attn_1.v.bias": 0.3659730553627014,
        "decoder.mid.attn_1.v.weight": 19.362470626831055,
        "decoder.mid.block_1.conv1.bias": 1.3227401971817017,
        "decoder.mid.block_1.conv1.weight": 88.83973693847656,
        "decoder.mid.block_1.conv2.bias": 0.9225174784660339,
        "decoder.mid.block_1.conv2.weight": 77.5804672241211,
        "decoder.mid.block_1.norm1.bias": 3.096092939376831,
        "decoder.mid.block_1.norm1.weight": 1.7963647842407227,
        "decoder.mid.block_1.norm2.bias": 0.8451970815658569,
        "decoder.mid.block_1.norm2.weight": 2.0882396697998047,
        "decoder.mid.block_2.conv1.bias": 0.8413532376289368,
        "decoder.mid.block_2.conv1.weight": 94.54405212402344,
        "decoder.mid.block_2.conv2.bias": 1.2349432706832886,
        "decoder.mid.block_2.conv2.weight": 86.94367980957031,
        "decoder.mid.block_2.norm1.bias": 3.034590244293213,
        "decoder.mid.block_2.norm1.weight": 1.8277114629745483,
        "decoder.mid.block_2.norm2.bias": 0.7454532384872437,
        "decoder.mid.block_2.norm2.weight": 2.195319414138794,
        "decoder.norm_out.bias": 0.9114299416542053,
        "decoder.norm_out.weight": 3.840604305267334,
        "decoder.up.0.block.0.conv1.bias": 0.5097832679748535,
        "decoder.up.0.block.0.conv1.weight": 34.253761291503906,
        "decoder.up.0.block.0.conv2.bias": 0.7095355987548828,
        "decoder.up.0.block.0.conv2.weight": 40.35376739501953,
        "decoder.up.0.block.0.nin_shortcut.bias": 0.7095348238945007,
        "decoder.up.0.block.0.nin_shortcut.weight": 5.500847339630127,
        "decoder.up.0.block.0.norm1.bias": 2.3705291748046875,
        "decoder.up.0.block.0.norm1.weight": 1.5729907751083374,
        "decoder.up.0.block.0.norm2.bias": 1.4190325736999512,
        "decoder.up.0.block.0.norm2.weight": 4.361164093017578,
        "decoder.up.0.block.1.conv1.bias": 0.5054463744163513,
        "decoder.up.0.block.1.conv1.weight": 23.015005111694336,
        "decoder.up.0.block.1.conv2.bias": 0.6867359280586243,
        "decoder.up.0.block.1.conv2.weight": 39.49357223510742,
        "decoder.up.0.block.1.norm1.bias": 1.1001399755477905,
        "decoder.up.0.block.1.norm1.weight": 1.3129695653915405,
        "decoder.up.0.block.1.norm2.bias": 1.4384667873382568,
        "decoder.up.0.block.1.norm2.weight": 4.553125381469727,
        "decoder.up.0.block.2.conv1.bias": 0.47887828946113586,
        "decoder.up.0.block.2.conv1.weight": 23.805736541748047,
        "decoder.up.0.block.2.conv2.bias": 0.7345545291900635,
        "decoder.up.0.block.2.conv2.weight": 40.95131301879883,
        "decoder.up.0.block.2.norm1.bias": 1.0407692193984985,
        "decoder.up.0.block.2.norm1.weight": 1.5866494178771973,
        "decoder.up.0.block.2.norm2.bias": 1.1166467666625977,
        "decoder.up.0.block.2.norm2.weight": 3.1636862754821777,
        "decoder.up.1.block.0.conv1.bias": 0.6383676528930664,
        "decoder.up.1.block.0.conv1.weight": 74.85784149169922,
        "decoder.up.1.block.0.conv2.bias": 0.8659105896949768,
        "decoder.up.1.block.0.conv2.weight": 61.92681121826172,
        "decoder.up.1.block.0.nin_shortcut.bias": 0.8659102916717529,
        "decoder.up.1.block.0.nin_shortcut.weight": 5.743443489074707,
        "decoder.up.1.block.0.norm1.bias": 4.326855659484863,
        "decoder.up.1.block.0.norm1.weight": 2.1903750896453857,
        "decoder.up.1.block.0.norm2.bias": 3.857823133468628,
        "decoder.up.1.block.0.norm2.weight": 2.2691681385040283,
        "decoder.up.1.block.1.conv1.bias": 0.9552590250968933,
        "decoder.up.1.block.1.conv1.weight": 47.0881233215332,
        "decoder.up.1.block.1.conv2.bias": 0.66344153881073,
        "decoder.up.1.block.1.conv2.weight": 64.15132141113281,
        "decoder.up.1.block.1.norm1.bias": 2.357028007507324,
        "decoder.up.1.block.1.norm1.weight": 1.775598406791687,
        "decoder.up.1.block.1.norm2.bias": 4.503066539764404,
        "decoder.up.1.block.1.norm2.weight": 2.3075199127197266,
        "decoder.up.1.block.2.conv1.bias": 0.6574076414108276,
        "decoder.up.1.block.2.conv1.weight": 48.03074645996094,
        "decoder.up.1.block.2.conv2.bias": 0.7525409460067749,
        "decoder.up.1.block.2.conv2.weight": 61.16220474243164,
        "decoder.up.1.block.2.norm1.bias": 2.3032355308532715,
        "decoder.up.1.block.2.norm1.weight": 1.792710781097412,
        "decoder.up.1.block.2.norm2.bias": 3.5315215587615967,
        "decoder.up.1.block.2.norm2.weight": 1.884579062461853,
        "decoder.up.1.upsample.conv.bias": 1.4881391525268555,
        "decoder.up.1.upsample.conv.weight": 32.89804458618164,
        "decoder.up.2.block.0.conv1.bias": 1.546668291091919,
        "decoder.up.2.block.0.conv1.weight": 97.38746643066406,
        "decoder.up.2.block.0.conv2.bias": 1.6882269382476807,
        "decoder.up.2.block.0.conv2.weight": 110.92693328857422,
        "decoder.up.2.block.0.norm1.bias": 3.7741506099700928,
        "decoder.up.2.block.0.norm1.weight": 1.921979546546936,
        "decoder.up.2.block.0.norm2.bias": 2.872382164001465,
        "decoder.up.2.block.0.norm2.weight": 2.390660047531128,
        "decoder.up.2.block.1.conv1.bias": 1.598567008972168,
        "decoder.up.2.block.1.conv1.weight": 104.63717651367188,
        "decoder.up.2.block.1.conv2.bias": 1.3709442615509033,
        "decoder.up.2.block.1.conv2.weight": 116.7399673461914,
        "decoder.up.2.block.1.norm1.bias": 3.2443225383758545,
        "decoder.up.2.block.1.norm1.weight": 2.259690046310425,
        "decoder.up.2.block.1.norm2.bias": 3.1510560512542725,
        "decoder.up.2.block.1.norm2.weight": 2.5117671489715576,
        "decoder.up.2.block.2.conv1.bias": 1.2568764686584473,
        "decoder.up.2.block.2.conv1.weight": 101.75543212890625,
        "decoder.up.2.block.2.conv2.bias": 1.6770622730255127,
        "decoder.up.2.block.2.conv2.weight": 108.40506744384766,
        "decoder.up.2.block.2.norm1.bias": 3.0807137489318848,
        "decoder.up.2.block.2.norm1.weight": 1.9284913539886475,
        "decoder.up.2.block.2.norm2.bias": 2.91023850440979,
        "decoder.up.2.block.2.norm2.weight": 1.4297311305999756,
        "decoder.up.2.upsample.conv.bias": 1.9355424642562866,
        "decoder.up.2.upsample.conv.weight": 66.88658905029297,
        "decoder.up.3.block.0.conv1.bias": 0.8613827228546143,
        "decoder.up.3.block.0.conv1.weight": 92.22404479980469,
        "decoder.up.3.block.0.conv2.bias": 1.1488982439041138,
        "decoder.up.3.block.0.conv2.weight": 90.31739044189453,
        "decoder.up.3.block.0.norm1.bias": 2.926117181777954,
        "decoder.up.3.block.0.norm1.weight": 1.8578611612319946,
        "decoder.up.3.block.0.norm2.bias": 0.9929831624031067,
        "decoder.up.3.block.0.norm2.weight": 3.0215396881103516,
        "decoder.up.3.block.1.conv1.bias": 1.0145717859268188,
        "decoder.up.3.block.1.conv1.weight": 96.67919921875,
        "decoder.up.3.block.1.conv2.bias": 1.2313307523727417,
        "decoder.up.3.block.1.conv2.weight": 88.6922607421875,
        "decoder.up.3.block.1.norm1.bias": 2.7533154487609863,
        "decoder.up.3.block.1.norm1.weight": 1.624977946281433,